#,simulations,time_usage,result,std_err
0,2560,5.25809,0.432005,0.0270507
1,10240,20.962,0.440358,0.0135709
2,40960,83.2731,0.447891,0.00697057
